name,latitude,longitude
Dols dessin 表参道,139.71283,35.66122
青山デザインクラブ,139.71393,35.66394
クロスオフィス三田,139.74472,35.64612
コンパスオフィス 虎ノ門40MTビル,139.74576,35.66341
WORKING PARK EN,139.71666,35.66761
クロスオフィス六本木,139.73137,35.66356
赤坂アントレサロン,139.73352,35.67593
クロスオフィス内幸町,139.75322,35.66777
BIZcomfort ザ ロイヤルパークホテル アイコニック 東京汐留,139.76015,35.66426
BIRTH 虎ノ門,139.75169,35.66912
VXL 六本木,139.72533,35.66087
クリエイターズパイプライン,139.72115,35.63534
品川ビジネスセンター,139.73799,35.63558
SENQ 六本木,139.73042,35.66284
KAKUREGA,139.72672,35.65798
co-ba 赤坂,139.74165,35.67023
ビステーション新橋,139.75957,35.66628
THE HUB SOLO 新橋,139.75682,35.66815
THE OFFICE 田町三田,139.74376,35.64626
THE HUB SOLO 溜池山王,139.74112,35.67005
NAGAYA AOYAMA,139.71758,35.66465
新虎ノ門実業会館,139.75056,35.67029
THE HUB SOLO 浜松町北口,139.75732,35.65774
BIZcomfort 田町,139.74615,35.64864
コワーキングスペース MORINAGA Village【森永ヴィレッジ】,139.75328,35.64644
ニュー新橋コワーキング,139.7574,35.66631
いいオフィス浜松町 by wedo,139.75409,35.65797
PARK6 powered by bondolfi boncaffē 六本木,139.7292,35.66021
01 Garage,139.74359,35.65754
コワーキングスペース「docks」 虎ノ門,139.74391,35.6644
港区立産業振興センター,139.7449,35.64486
PLAZA M's 南麻布,139.72473,35.6472
AZABU HILLSIDE,139.73251,35.65749
みどり荘　表参道,139.71375,35.66557
コワーキングスペース『BasisPoint 新橋』,139.75955,35.66681
WEIN挑戦者STUDIO,139.75893,35.65608
THE HUB 新橋 west,139.75229,35.66717
KEY STATION OFFICE 新橋,139.7574,35.66631
HAKADORU 虎ノ門店,139.75235,35.66966
Kant. WORK LOUNGE,139.73326,35.66402
シェアル虎ノ門,139.74425,35.66172
リブポート 浜松町,139.75632,35.65419
THE CODE 新橋,139.75584,35.66863
田町ビジネスセンター,139.7532,35.64812
THE HUB 赤坂見附,139.73682,35.6771
EXPERT OFFICE 品川,139.74197,35.63068
スタイル南青山,139.71588,35.66822
GLAMOROUS H 麻布広尾,139.72487,35.65017
フィルポート,139.75957,35.66628
BIZMARKS 新橋汐留,139.75665,35.66165
おしごとお宿 新橋店,139.75792,35.66534
リブポート 品川,139.74399,35.63012
TSUTAYA田町駅前店,139.74596,35.64656
女性専用シェアオフィス 『ショコラ』,139.72411,35.67149
THE HUB 南青山,139.71521,35.66699
Root Office 赤坂,139.73619,35.67595
匠ソホラ赤坂,139.73576,35.6769
NewWork 品川,139.74068,35.62649
FARO青山,139.72096,35.66961
MY BASIC OFFICE 虎ノ門,139.75235,35.66966
ninetytwo13,139.73128,35.66809
BIRTH 麻布十番,139.73669,35.65494
プレミアムオフィス浜松町,139.75513,35.65767
KIZASU@Office 新橋,139.75233,35.66209
エグゼクティブセンター 六本木ヒルズノースタワー,139.73041,35.66204
TeaTree Studio 新橋,139.75372,35.6676
co-ba Re-SOHKO 田町,139.75328,35.64644
勉強カフェ　田町スタジオ,139.74821,35.64216
katanaオフィス汐留,139.75633,35.66127
六本木ヒルズライブラリー,139.7292,35.66021
PORTAL POINT AOYAMA,139.71277,35.66563
NewWork 新橋,139.75723,35.66802
ジュークシナガワ,139.73689,35.63115
BLINK 六本木,139.72849,35.6578
ivyCafe NEIGHBOR&WORK 高輪,139.73976,35.63528
青山アラマンダワークコート,139.71758,35.67107
THE HUB 赤坂,139.73808,35.67106
キッズルーム併設のコワーキングスペース「Hatch Cowork+KIDs」,139.73279,35.67519
赤坂コークス,139.73524,35.67551
六本木ビジネスセンター,139.73653,35.66442
THE HUB 田町,139.74753,35.64717
クリエイター向けコワーキングスペース「PROP」,139.71199,35.66189
女性のためのコワーキングスペース「SHEworks」,139.71614,35.66654
STOCK 品川,139.73901,35.63874
CREATIVE BASE avex EYE,139.71588,35.66822
つなぐラボ高輪,139.73311,35.6375
katanaオフィス六本木,139.73903,35.66746
コンパスオフィス 恵比寿グリーングラス,139.70622,35.64583
クロスオフィス渋谷,139.70383,35.66023
la billage SHIBUYAヒューリック渋谷公園通りビル,139.69887,35.66286
E-コワーキング,139.7088,35.64783
Open Network Space 代官山,139.70387,35.64615
THE HUB 渋谷,139.7054,35.6578
マフィス北参道,139.70686,35.67649
勉強カフェ　新宿スタジオ,139.69664,35.68682
おとな自習室 新宿,139.69814,35.68751
co-ba 恵比寿,139.70384,35.64711
BathHaus,139.68474,35.67461
ドロップイン原宿,139.70773,35.66933
シェアオフィス『HOLSTAR』渋谷,139.70349,35.66128
いいオフィス 代官山 by N'sLounge,139.70369,35.6502
ベンチャーシティ恵比寿,139.72107,35.64527
アットビジネスセンター渋谷東口駅前,139.70372,35.65844
COHSA SHIBUYA,139.70895,35.65866
basement cafe 神泉,139.69365,35.65534
katanaオフィス渋谷,139.70657,35.65767
エグゼクティブセンター 渋谷セルリアンタワー,139.69917,35.6563
MAKERS COFFEE,139.68962,35.66908
PORTAL 渋谷,139.70349,35.66128
W CAFE,139.70459,35.67156
LULL TECH BEACH,139.70532,35.65703
Coin Space 渋谷マークシティ2号店,139.698,35.65793
AURORA GARDEN,139.70673,35.68083
サクラサク（女性専用）,139.70496,35.66744
TENOHA 代官山,139.70248,35.64834
FabCafe MTRL 渋谷,139.69548,35.65619
NewWork 渋谷イースト3F,139.7054,35.6578
SHARE LOUNGE,139.70183,35.65858
.andwork 渋谷,139.69991,35.66199
「StartUp４４田寮」渋谷,139.69827,35.65558
ファッション系コワーキングスペース『coromoza』神宮前,139.70345,35.66761
ジーエルベース・コワーキングスペース 千駄ヶ谷,139.70842,35.67752
エグゼクティブセンター 神宮前タワービル,139.70624,35.67157
クリエイター専用シェアオフィス『co-lab 渋谷キャスト』,139.70284,35.66255
co-ba 神南,139.69991,35.66199
勉強カフェ　渋谷スタジオ,139.69887,35.66286
SHARE BA UNION 恵比寿,139.70889,35.64598
TURN harajuku,139.70345,35.66761
THE SHARE 神宮前,139.70813,35.67162
Business Mall 代々木,139.69635,35.68255
トランスワークス青山,139.70845,35.66043
THE HUB 青山 WEST,139.70705,35.66122
THE HUB SOLO 恵比寿,139.71019,35.64766
NewWork 渋谷イースト9F,139.7054,35.6578
MARIA HOUSE,139.7095,35.67093
EXPERT OFFICE 渋谷,139.70657,35.66022
KEY STATION OFFICE 渋谷,139.70616,35.66067
恵比寿ビジネスセンター,139.71281,35.64882
Agora Tokyo コワーキング スペース,139.69699,35.66185
KOBUSHI BEER LOUNGE & BAR,139.69669,35.65878
Creative House,139.70047,35.66362
Coin Space 渋谷マークシティ店 by 渋谷区観光協会,139.698,35.65793
RESONANCE POINT 渋谷,139.70082,35.6632
STUDY LOUNGE,139.7041,35.65628
Coin Space 渋谷神南店,139.69971,35.66257
クリエイター専用シェアオフィス『co-lab 代官山』,139.70483,35.6515
Lightning spot 渋谷,139.70473,35.65574
Business Lounge 代々木,139.69635,35.68255
GOOD WORK 代々木八幡,139.68655,35.66823
konochikara 渋谷店,139.70203,35.66026
ShareOffice BIGness 渋谷,139.70242,35.66354
コワーキングスペース「spAce4510」,139.69986,35.68202
タマリバ,139.70828,35.65746
THE FORUM 千駄ヶ谷,139.71176,35.67733
Biz Platto,139.70546,35.66818
co-ba 渋谷,139.70537,35.65462
ブロックチェーンに特化したコワーキングスペース『Neutrino』,139.70132,35.65442
Creative Lounge MOV,139.70341,35.65894
kurkku home 神宮前,139.70976,35.67274
モバフ原宿,139.70367,35.6659
POINT EDGE ShibuyaBASE,139.70372,35.65844
YCS 代々木,139.69844,35.6839
Creators Mall 代々木,139.69635,35.68255
Printworks Studio Shibuya,139.69759,35.65726
BIZcomfort 代々木,139.69923,35.68253
Coin Space 渋谷モディ店,139.70056,35.66168
ワイムビジネスプラザ新宿御苑,139.7093,35.68982
新宿アントレサロン,139.70731,35.69072
クロスオフィス新宿,139.69913,35.69425
東信ビジネスセンター,139.70428,35.69324
THE HUB 新宿西口,139.6985,35.69256
BASE POINT,139.69585,35.69613
知恵の場オフィス 本館,139.69879,35.69529
TOKI CAFE,139.742,35.70128
神楽坂クロススタジオ,139.73088,35.70169
HAPON 西新宿,139.69849,35.69597
新宿VIPラウンジ,139.69725,35.68972
西新宿ビジネスセンター,139.69443,35.69635
ワイムポート新宿舟町,139.72058,35.68946
ビジョンオフィス新宿,139.69807,35.68857
TSUTAYA BOOK APARTMENT,139.70171,35.69157
NewWork 新宿,139.69844,35.68924
勉強カフェ　新宿ベースポイントスタジオ,139.69653,35.69614
新宿区立高田馬場創業支援センター,139.70357,35.71061
シェアオフィス＆コワーキングスペース「CASE Shinjuku」,139.70471,35.71183
INBOUND LEAGUE,139.70714,35.69386
BOOK&OFFICE 文悠,139.73668,35.70354
Froh Coworking 四ツ谷,139.70346,35.69389
新宿ビジネスセンター,139.71037,35.69063
モバフ新宿アイランド,139.69333,35.69299
知恵の場オフィス 別館,139.69849,35.69597
CO-Work&...新宿,139.70717,35.6904
FARO神楽坂,139.73785,35.70109
おとな自習室 高田馬場,139.70525,35.71292
#NAME?,139.69543,35.69171
THE HUB 新宿ワシントン,139.6936,35.68681
GARAGE WASEDA,139.72256,35.70812
12 SHINJUKU,139.69943,35.68858
フレンドリンクメンバーズオフィス,139.72774,35.68625
THE HUB 新宿,139.70334,35.68833
Colony#15 高田馬場,139.70421,35.71083
lifework space KANPAI Hütte,139.72783,35.68469
海外ビジネス特化型コワーキングスペース「Digima 〜出島〜BASE」市ヶ谷,139.73419,35.69249
HAKADORU 新宿三丁目店,139.7047,35.69008
BIZcomfort 早稲田,139.72272,35.70554
BIZcomfort 神楽坂天神,139.73114,35.70473
BIZcomfort 東新宿,139.70753,35.6972
クロスオフィス日比谷,139.75316,35.67111
東京レンタル自習室 神保町,139.75734,35.69622
未来ファクトリー,139.73677,35.68425
THE HUB SOLO 飯田橋,139.74643,35.70164
goodoffice 東京有楽町,139.76436,35.67495
Connect-Lounge神田,139.76933,35.69322
イノバゼスト 神田,139.76611,35.69514
エグゼクティブセンター 山王パークタワー,139.74059,35.67326
神田ビジネスセンター,139.7757,35.69188
コワーキングスペース 秋葉原 Weeyble,139.77199,35.69657
THE HUB 神田西口,139.7701,35.69136
NewWork 飯田橋,139.75023,35.70256
いいオフィス神保町 by TUNEKURA,139.75639,35.69743
BIZcomfort 水道橋,139.75327,35.70134
ワイムビジネスプラザ神田,139.76724,35.69421
みどり荘　永田町,139.73904,35.68011
EXPERT OFFICE GRAND新橋／内幸町,139.75633,35.6696
the C,139.76558,35.69196
プレミアムオフィス神田,139.76778,35.69521
ビジョンオフィス神田,139.77161,35.69136
秋葉原コワーキングスペース「Rampart」,139.7744,35.6978
パセラリゾーツAKIBAマルチエンターテインメント,139.7702,35.6979
シェアル岩本町,139.77579,35.69159
GARAGE AKIHABARA,139.77817,35.69596
クロックカフェ,139.78244,35.69468
1/3rd Life（ワンサードライフ）,139.77255,35.70202
プログラマー自習室&コワーキングスペース『ギークライブラリー』,139.77193,35.69735
社会起業家コワーキングスペース,139.73729,35.68705
NUWORKS TOKYO,139.77524,35.69986
NewWork 赤坂見附,139.73891,35.67581
BIRTH 神田,139.76367,35.69116
シェアオフィスMIXER 神保町・水道橋,139.75308,35.69937
東京レンタル自習室 水道橋,139.75375,35.70071
エグゼクティブセンター 新丸の内センタービル,139.76627,35.68371
THE HUB SOLO 秋葉原,139.77644,35.69865
シェアオフィスKOTO-BA,139.76498,35.69421
SENQ 霞が関,139.75079,35.67074
ソフトオフィス神田,139.76871,35.69459
LEAGUE有楽町,139.76436,35.67495
パズル一番町,139.7394,35.68676
Funshareシェアオフィス・コワーキングスペース,139.78145,35.69719
EXPERT OFFICE 麹町,139.74052,35.68529
KANDA LOUNGE,139.77202,35.69258
オープンコラボレーションスペース「LODGE」永田町,139.73718,35.67992
BIZcomfort 神保町,139.75447,35.69532
コワーキングスペース『BasisPoint 神保町』,139.75981,35.69631
LEAGUE神保町,139.75735,35.69572
カラオケパセラ 秋葉原電気街店,139.77151,35.69895
PORTAL POINT YURAKUCHO,139.76199,35.67557
BIZcomfort 秋葉原岩本町,139.77724,35.69625
point 0 marunouchi,139.76344,35.67997
HIVE TOKYO,139.7442,35.69336
DMM.make AKIBA,139.77469,35.69933
EDITORY 神保町,139.75688,35.69662
勉強カフェ　秋葉原スタジオ,139.77145,35.70315
Be Smart 水道橋,139.7561,35.70046
Vision Works 有楽町,139.76077,35.67381
ジェネラボ 飯田橋,139.746,35.70134
一番町インキュベーションセンター,139.7415,35.6876
FUSION_N,139.76335,35.6939
四ツ谷ビジネスラウンジ,139.73279,35.68761
ナレッジソサエティ,139.75169,35.69513
THE HUB 麹町,139.7363,35.68538
アイラボ・シェアオフィス 秋葉原,139.77713,35.69706
アクセア 神田店,139.7706,35.69532
シェアオフィス六番町,139.73384,35.68703
勉強カフェ　飯田橋スタジオ,139.74664,35.70034
ビジョンオフィス神田ＡＮＮＥＸ,139.77184,35.6923
CーWORK 半蔵門,139.74115,35.68449
THE OFFICE 神田,139.76553,35.69491
BIZMARKS 麹町,139.73981,35.68296
コワーキングスペース『BasisPoint 上野』,139.77704,35.71037
i work,139.78886,35.71709
カラオケパセラ 上野店,139.77296,35.71129
ベンチャーステージ上野,139.78323,35.71948
LeaF上野自習室,139.7785,35.71067
インスクエア上野,139.77234,35.70955
浅草コワーキング ハコバナ,139.79996,35.71346
UENO YOUR,139.7726,35.70543
SPACE BRiDD 秋葉原,139.77716,35.70108
コワーキング＆シェアアトリエ「reboot（リブート）」上野,139.78323,35.71948
AKIBA EAST ビジネスセンター,139.78162,35.70031
W Complex,139.78455,35.69964
いいオフィス 上野,139.78215,35.70675
パズル浅草橋,139.78162,35.69931
ベンチャーステージ上野,139.78323,35.71948
東京アントレサロン,139.77158,35.68045
BIZcomfort日本橋茅場町,139.77921,35.67915
銀座アントレサロン,139.76405,35.66762
flat5,139.78122,35.68265
グリーンオフィス人形町,139.78131,35.68697
銀座ビジネスセンター,139.76932,35.67003
Addroom-Ginza-,139.76462,35.66914
日本橋茅場町ビジネスセンター,139.78128,35.67728
箱崎インキュベーションセンター,139.78522,35.6785
女性専用の会員制コワーキングスペース「Bright One」,139.78175,35.67855
ウィズスクエア八重洲店,139.76871,35.67837
#NAME?,139.77145,35.68225
BIZcomfort 日本橋小網町,139.78122,35.68265
日本橋ビジネスセンター,139.77571,35.67894
シェアル,139.77522,35.68284
はぐみっく子連れコワーキングスペース,139.77757,35.67356
bizcube 銀座,139.76489,35.66894
ビジネストランスファー 八重洲,139.77008,35.68065
THE HUB SOLO 八重洲,139.77138,35.68012
THE HUB 有楽町EAST,139.76839,35.67559
NewWork 東京八重洲,139.76871,35.67837
コワーキングスペース 茅場町 Co-Edo®,139.78175,35.67855
いいオフィス 日本橋 by FUKUMITOYA,139.7831,35.68295
リロワークス 東銀座,139.76729,35.67026
NewWork 日本橋,139.77527,35.6816
勉強カフェ　日本橋茅場町スタジオ,139.78067,35.67849
NewWork 東京八重洲2nd,139.76871,35.67837
WASEDA NEO,139.77454,35.68253
ベンチャーデスク銀座,139.76489,35.66894
ソーシャルビジネスラボ,139.78419,35.68164
CAFE SALVADOR BUSINESS SALON,139.77933,35.68055
日本橋第2ビジネスセンター,139.78206,35.68384
HUB cafe,139.77036,35.68189
THE HUB SOLO 銀座,139.76639,35.67035
LEAGUE銀座,139.76842,35.67069
BIZMARKS 日本橋茅場町,139.78061,35.68175
EXPERT OFFICE 東京,139.77292,35.68243
Future Tech Hub,139.78375,35.67672
日本橋BC　ノースポイント,139.78094,35.69084
BIZcomfort 日本橋新川,139.78171,35.674
MONZ SPACE,139.76855,35.66681
コワーキングスペース「Community Dimension」,139.78094,35.69084
ウィズスクエア日本橋店,139.77158,35.68045
アットビジネスセンター東京駅八重洲通り,139.7771,35.67729
TIMBER's DESK 銀座,139.77084,35.66973
Cross Transit 日本橋,139.77446,35.68596
FROM ONE SPORTS BASE,139.77728,35.67437
THE OFFICE 銀座,139.76503,35.66837
DMZ WORK 築地,139.77356,35.66779
DIAGONAL RUN TOKYO,139.76764,35.67678
ShareOffice assets 日本橋,139.78069,35.6852
BIZcomfort 日本橋人形町,139.78308,35.688
Think Lab銀座店,139.76712,35.67195
コワーク大内,139.76157,35.67129
SENQ 京橋,139.76965,35.67731
BINARYSTAR 銀座,139.76849,35.67418
いいオフィス 銀座 by MeRISE,139.76489,35.66894
おしごとパセラ 銀座店,139.76489,35.66894
東京VIPラウンジ,139.77036,35.68189
Coin Space by Centro,139.72444,35.62672
BIZcomfort目黒,139.71536,35.63098
BIZcomfort五反田,139.72008,35.62638
品川区立品川産業支援交流施設　ＳＨＩＰ　,139.73068,35.62239
オフィスサークルN五反田,139.7226,35.6282
THE HUB SOLO 五反田,139.72447,35.62796
大崎ブックカフェ,139.72575,35.61699
Office Plata 五反田,139.72102,35.62284
DoorS AIR 五反田店,139.72615,35.62548
The ParkRex TENNOZ [the DOCK],139.74611,35.62175
BIZcomfort 品川大井町,139.74205,35.61253
TUNNEL TOKYO,139.73093,35.61502
サードプレイス旗の台,139.70113,35.60499
コワーキングスペース「CONTENTZ」五反田,139.72408,35.62408
Space to win,139.72089,35.6271
コワーキングスペース Pao,139.7253,35.6248
AWS Loft Tokyo,139.71684,35.63285
nagaya 8f,139.70343,35.61872
VACANCY OFFICE GOTANDA,139.7227,35.62218
STUDIO4,139.70413,35.61762
ロッカールーム大崎,139.72778,35.61695
NewWork 五反田,139.7224,35.62556
KEY STATION OFFICE 五反田,139.72615,35.62548
コワーキングスペース『BasisPoint 五反田』,139.72697,35.62593
BIZcomfort 五反田,139.72008,35.62638
HashHub,139.75809,35.71354
Andozaka COIN,139.7455,35.7095
隠れ家コワーキングカフェ comfull,139.763,35.72414
BIZcomfort 御茶ノ水,139.7632,35.70364
女性専用コワーキングスペース「Albo」本郷,139.75999,35.70761
BIZcomfort 本郷,139.7627,35.70709
MID POINT大塚,139.73131,35.72906
RYOZAN PARK GRAND,139.74132,35.73282
THE OFFICE 池袋東,139.7177,35.73359
カラオケパセラ 池袋本店,139.70891,35.73177
co-ba ikebukuro,139.70674,35.7313
インスクエア池袋,139.71669,35.72697
コワーキングスペース OpenOffice FOREST 池袋,139.71706,35.73284
RYOZAN PARK ANNEX,139.74142,35.73348
自習空間シリウス,139.70483,35.73212
BIZcomfort 池袋,139.7063,35.72808
co-ba ikebukuro station,139.70844,35.73101
RYOZAN PARK CORE,139.72672,35.73064
勉強カフェ　池袋スタジオ,139.71413,35.72616
LeaF池袋自習室,139.70789,35.7328
BIZcomfort 大塚,139.73042,35.73307
コワーキングスペース『BasisPoint 池袋』,139.71297,35.72877
THE HUB 池袋 SOUTH,139.71233,35.72841
BIZcomfort 池袋南口,139.71507,35.72524
アットビジネスセンター池袋駅前 本館,139.71333,35.7304
キッズスペース&保育付きコワーキングスペース『CoMaMoRi』,139.69064,35.72362
アットビジネスセンター池袋駅前 別館,139.71342,35.73145
THE HUB 大塚,139.72821,35.73018
10°CAFE 3F パーソナルブース,139.7058,35.71473
BIZcomfort 東池袋,139.72147,35.72464
Sunshine City SOLARIUM,139.71919,35.72929
WORKPLUS,139.72147,35.72464
NewWork 池袋,139.7157,35.73034
BIZcomfort 池袋西口,139.70758,35.73324
BIZcomfort 駒込,139.74695,35.73757
おしごとパセラ 池袋店,139.70891,35.73177
BIZcomfort 水戸,140.47806,36.37103
シェアスペースヴィアート 茨城,140.07997,36.08353
アソビバマナビバシゴトノバ 茨城,140.57243,36.449
Tsukuba Place Lab,140.1084,36.10631
シェアオフィスSSS 水戸,140.45099,36.34778
Match-hako 龍ケ崎,140.1866,35.90552
ザ・ステーションラウンジ,140.0636,35.89468
GLOBAL INCUBATION CAFE - PEACH,140.11073,36.09811
ARISE CO-WORKING,140.56894,36.30924
ソフトオフィス水戸,140.47142,36.37399
Coworking & Café yuinowa,139.87477,36.30264
TCI Coworking-Ⅱ,140.1273,36.06949
たび coノマド 茨城,140.51633,36.40849
daigo front 茨城,140.35162,36.76952
Match-hako 取手,140.06227,35.89618
The Station Lounge 取手,140.0636,35.89468
up Tsukuba,140.11415,36.08146
コワーキングスペース水戸Wagtail,140.46806,36.37674
ツムグ前橋,139.07326,36.38963
Office TAKASAKI BASE,139.01311,36.32161
cocotomo 群馬,139.3391,36.41058
勉強カフェ　ぐんま太田スタジオ,139.38313,36.28584
シェアオフィスippo,139.00627,36.34795
首都圏NSプラザin前橋,139.06544,36.38848
エールクリエイティブ群馬,139.3765,36.29623
ワイムビジネスプラザ大宮,139.62596,35.90841
JustCo Zone 大宮,139.62013,35.90438
BIZcomfort 大宮西口,139.62119,35.90395
コタイム,139.65385,35.85692
いちのま、,139.48184,35.91591
ALVEARE 与野,139.62852,35.88266
コワーキングスペース・レンタルオフィス　base Co+ 志木,139.57574,35.82344
THE HUB SOLO 大宮,139.62466,35.90791
COCOMO DESK,139.79266,35.86621
BIZcomfort 志木,139.57542,35.8228
コワーキングスペースMIRAI,139.59094,35.97349
コワーキングスペース24,139.62796,35.9048
いいオフィス さいたま新都心 by さいたまスーパーアリーナTOIRO,139.63068,35.89619
SODACHI SPACE,139.74872,35.87341
Hanare ひばりヶ丘,139.54921,35.75571
志木サテライトオフィス　レンタルブース・スペース,139.562,35.8304
コワーキングスペース Torino's,139.80562,35.8241
serendipitous space 川口,139.72021,35.80172
NewWork 大宮,139.62878,35.9056
Mio新都心,139.62793,35.89103
コワーキングスペース&シェアオフィス　AREA358,139.19402,36.23804
BIZcomfort 川口,139.71458,35.79996
Mio大宮,139.62013,35.90438
コワーキングスペース7F,139.62466,35.90791
OFFICE803 越谷,139.78688,35.89231
コワーキングスペースJOIN,139.68864,35.82731
クマガヤベイス,139.38933,36.141
コワーキングスペース HaLake 越谷,139.82298,35.87564
Mio埼玉県庁前,139.64946,35.85814
mio川口,139.72101,35.7965
Mio高砂,139.65099,35.8567
relark 大宮,139.62543,35.90524
いいオフィス 南越谷,139.79321,35.87502
浦和のコワーキングスペース　ウラコ,139.65501,35.85525
アステリVIP,139.62567,35.88505
所沢ノード,139.47234,35.78842
コワーキングスペース「働空間」,139.08469,35.99071
あそびラボ,139.62303,35.89939
BIZcomfort横浜元町,139.64722,35.43967
BIZcomfort横浜西口,139.61319,35.46413
BIZcomfort センター北,139.5793,35.55498
BIZcomfort関内駅前,139.63599,35.44519
MID POINT横濱関内,139.63683,35.44601
横浜天然温泉 SPA EAS,139.6172,35.46593
MID POINT川崎,139.69363,35.53195
海老名駅コワーキングスペース ROLE,139.39081,35.44645
WorkationPlus（ワーケーションプラス）,139.51027,35.30574
KIPインキュベート施設,139.63382,35.44691
自習室俱楽部　橋本店,139.34616,35.59747
女性専用コワーキングスペース「ブルーコンパス」,139.6199,35.46242
女性応援型シェアオフィス＆コワーキング「yokohamahop」,139.61957,35.46064
コワーキングスペース『Doer』,139.57925,35.29652
コワーキングスペースAｒ,139.14081,35.34018
ソフトオフィス関内,139.62991,35.44055
自習室俱楽部　湘南台店,139.46602,35.39669
NewWork 長津田,139.49591,35.5307
俺の29e　新井町,139.55276,35.49015
オフィスモトスミ,139.65257,35.565
NewWork たまプラーザ,139.55737,35.57566
勉強カフェ　溝の口スタジオ,139.61119,35.59909
AOKI WORK SPACEセンター南店,139.57121,35.5438
BIZING横浜鶴見,139.68349,35.50919
横浜のコワーキングスペース「maneku」,139.63274,35.44632
いいオフィス横浜 by 横浜駅直通アソビル,139.62213,35.46384
鎌倉・旅する仕事場　小町オフィス,139.55165,35.32192
NewWork 川崎,139.69797,35.53012
アットビジネスセンター横浜西口駅前,139.61902,35.46596
ココデ 杉田店,139.6163,35.38356
ビジネス＆コミュニティ横浜駅前オフィス,139.62131,35.46941
横浜関内ビジネスセンター,139.63908,35.44146
コワーキングスペース「ヨコスカテラス」,139.6637,35.28115
NEKTON KITAGUCHI（二号店）,139.48305,35.34163
ウィズスクエア横浜,139.63078,35.48043
BIZcomfort 海老名,139.39525,35.45527
ビートルビル よこはま神奈川コワーキングスペース,139.61942,35.46897
Mana House 横浜,139.515,35.45901
NewWork 鎌倉,139.54938,35.31889
まなクル井土ヶ谷,139.60367,35.43306
BIZcomfort センター北（プレミアヨコハマ）,139.5793,35.55498
横浜都筑ビジネス＆コミュニティ,139.5564,35.53576
NewWork 日吉,139.64616,35.55336
CAMBIOWORK 二宮,139.25746,35.30032
鹿島田DAYS,139.67471,35.5513
THE HUB SOLO 川崎,139.69948,35.53238
ソフトオフィス横浜,139.62428,35.47084
横浜ビジネスポート,139.64374,35.44677
mass×mass 関内フューチャーセンター,139.63922,35.44929
AOKI WORK SPACEたまプラーザ店,139.55856,35.58012
コワーキングスペース チガラボ,139.40332,35.33194
Open Network Space KAMAKURA,139.54962,35.30645
会員制シェアオフィス＆コワーキングスペース「CREATIVE SPORTS LAB」,139.642,35.44496
レンタルオフィスタイム横浜センター南,139.56905,35.54339
STAYUP 横浜,139.62837,35.46832
LeaF川崎自習室,139.69873,35.52838
勉強カフェ　横浜関内スタジオ,139.63643,35.44568
BIZcomfort 溝の口,139.61247,35.5979
マフィス横濱元町,139.64922,35.44062
Work Factory Yokohama,139.61519,35.46076
FG-Space,139.40092,35.32901
ネスティングパーク黒川 キャビン,139.47107,35.61269
NEKTON大船,139.53146,35.35103
BIZcomfort 片瀬江ノ島,139.48134,35.30724
YCC ヨコハマ創造都市センター「コワーキングスペース キャンバス」,139.6349,35.4502
自習室俱楽部　溝ノ口店,139.61397,35.59499
mass×mass 関内フューチャーセンター,139.63922,35.44929
NewWork 鷺沼,139.57233,35.57974
創荘 -soso-,139.69388,35.52683
さくらWORKS,139.63744,35.4469
FLEXIBLE OFFICE JUPITER,139.37038,35.5665
BIZcomfort 新横浜,139.61752,35.50974
NEKTON SHONAN（三号店）,139.48758,35.33739
NEKTON FUJISAWA（一号店）,139.48586,35.33735
Coin Space FUTAMATA RIVER LIBRARY,139.53279,35.46147
BIZcomfort 登戸,139.56755,35.62044
コワーキングスペース『Bangarrow』横浜,139.62837,35.46832
NewWork 新横浜,139.61752,35.50974
旧三福,139.15999,35.25813
シェアスペースkai 横浜,139.6207,35.46035
自習室俱楽部　新百合ヶ丘店,139.50394,35.60351
BIZcomfort 湘南平塚,139.34824,35.32804
BIZcomfort 湘南藤沢,139.48355,35.33995
かわさき生産性向上支援スペース・ SAKURA LABO,139.70047,35.53569
シードハウスコワーキング 湘南台,139.46298,35.39504
コワーキングスペース「KONOMACHI-CAFE」横浜弘明寺店,139.59987,35.42371
Kikcafe,139.59879,35.4459
Tech-Pot,139.62086,35.59444
I - DESK,139.61803,35.46382
ivyCafe＋溝の口,139.70302,35.53081
ことkama.,139.55112,35.33733
コワーキングスペース「KONOMACHI-CAFE」淵野辺店,139.39523,35.568
リブポート新横浜,139.61943,35.51119
THE HUB 溝の口,139.61198,35.59978
NewWork センター南,139.57259,35.54421
コワーキングスペース『Chilltas』,139.61276,35.59542
コミュニティ真鶴,139.13857,35.15596
自習室俱楽部　藤沢店,139.47986,35.33989
nokutica,139.60866,35.60077
ビステーション新横浜,139.61786,35.51117
自習室俱楽部　センター南店,139.57341,35.54694
自習室俱楽部　青葉台店,139.51646,35.54521
いいオフィス 横浜 by MeRISE,139.6153,35.46589
コワーキングスペース・ シェアオフィス「ハダノ浪漫会館」,139.22467,35.3731
NewWork 藤沢,139.48982,35.3377
シェアオフィス＆コワーキング「ペコラオフィス」,139.63454,35.44795
コワーキング・シェアオフィス「ENJOY WORK」,139.34749,35.33238
コワーキングスペース「TANEMAKI」横浜,139.61568,35.46102
自習室俱楽部　新横浜店,139.61652,35.51141
AOKI WORK SPACE相模大野駅前店,139.436,35.53175
Park In PLACE,139.5499,35.63355
BIZcomfort 橋本,139.3463,35.59571
テレワークＫ 本厚木,139.36104,35.43907
NAGAYAかわさき,139.69891,35.53743
アイル study&work studio,139.6153,35.46589
SHARE LOUNGE 湘南T-SITE,139.4641,35.33458
自習室俱楽部　センター南店,139.57341,35.54694
コワーキングスペース「KONOMACHI-CAFE」小田急相模原店,139.41907,35.51716
コワーキングスペース「サラダボウル 真名瀬」,139.57236,35.27044
THE OFFICE 横浜西口,139.61624,35.46871
自習室俱楽部　海老名店,139.39224,35.45003
コワーキング長後ピア,139.46423,35.41234
鎌倉・旅する仕事場　西口ラウンジ,139.54938,35.31889
クリエイティブデザインセンター,139.62163,35.46276
自習室俱楽部　川崎店,139.70119,35.52703
the KAIDAN fujisawa,139.4906,35.33755
インキュベーション型レンタルオフィス「Desk10」,139.33459,35.59646
NewWork 青葉台,139.51765,35.542
NewWork 横浜,139.62683,35.46821
JustCo Zone船橋,139.98463,35.70395
BIZcomfort 千葉西口,140.11168,35.61246
BIZcomfort 津田沼,140.02083,35.69215
BIZcomfort 八千代緑が丘,140.07532,35.72864
コワーキングスペース「デジラボ」,139.89903,35.78543
千葉コワーキングスペース201,140.10919,35.61433
コワーキングスペース「自由区域」,140.10277,35.62153
松戸スタートアップオフィス,139.89893,35.78232
NewWork 松戸,139.89893,35.78232
Mam@Labo,139.93114,35.83236
コワーキングスペース絆,139.89566,35.66461
船橋のコワーキングスペースCoWork,139.9839,35.69479
コワーキングスペース「Noblesse Oblige」,139.97578,35.85871
コワーキングスペース「MASHROOM​」,140.11969,35.60906
BIZcomfort 妙典,139.93005,35.69073
チコル☆ワーク,139.95399,35.89166
NewWork 船橋,139.98659,35.70232
いいオフィス津田沼 by MACHI DESK,140.02083,35.69215
佐倉市スマートオフィスプレイス「CO-LABO SAKURA」,140.15517,35.72412
ユックス,140.39767,35.59538
BIZcomfort 千葉駅前,140.11307,35.61455
THE HUB SOLO 柏,139.96979,35.86336
シェアオフィス＆コワーキングスペース「清海学園」,140.26962,35.13865
BANANA CLUSTER,139.91795,35.82613
幕張ビジネスポート,140.04178,35.65128
湯～Work,140.01309,35.66568
BIZcomfort 松戸駅前,139.90126,35.78358
コワーキングスペース「AWASELVES」,139.8656,34.91354
NewWork 千葉,140.11311,35.6101
katanaオフィス船橋,139.98331,35.69383
Kashiwa grand ～シェアオフィス＆コワーキングスペース～,139.97083,35.86238
KEISEI×BIZcomfort 稲毛,140.09402,35.63807
トキノマ,140.04128,35.72136
TENT幕張 コワーキングスペース＆シェアキッチン,140.04945,35.64991
まるも,139.83644,35.1739
CoworkingSpaceFlat Café&Bar,139.91449,35.82369
おもてなしラボ,140.23314,35.71947
Toones レンタルオフィス千葉,140.11758,35.61024
コワーキング＆シェアオフィス「仕事のSWITCH」,140.10376,35.72852
コトコトコワーキング 千葉,140.11537,35.61069
千葉市コワーキングスペース「SHI TSU RAI」,140.07434,35.62831
赤羽のコワーキングスペース　アカコ,139.72006,35.78281
ivyCafe NEIGHBOR&WORK 王子,139.73825,35.75725
WorkPlay赤羽,139.72224,35.78232
BIZcomfort 東十条,139.72479,35.76654
NewWork 赤羽,139.71913,35.77718
ワイムビジネスプラザ吉祥寺,139.58064,35.70203
MID POINT大森,139.7278,35.59015
Oasisコワーキングスペース町田,139.44916,35.54293
シェアオフィス - 結(musubi) -,139.47128,35.74983
おおたfab,139.71573,35.56385
ソフトオフィス中野,139.67052,35.69766
TOKYO NEST,139.68846,35.70853
中野ヒュッゲ,139.66692,35.70976
こどもコワーキングbabyCo,139.6161,35.70708
モノづくりコワーキングスペースMONO,139.78021,35.61681
BASE POINT Office 両国,139.79352,35.69543
NewWork 町田,139.44719,35.54301
KOCA,139.72971,35.56847
K's STUDIO,139.65904,35.6325
COMMUNE BASE マチノワ,139.44879,35.55078
いいオフィス下北沢 by エー・ディー・ワークス,139.66605,35.66285
BIZcomfort 曳舟,139.81786,35.71614
NewWork 八王子,139.34062,35.65731
シェアオフィス練馬,139.65581,35.73837
オフィス倶楽部 蒲田駅前2号店,139.71593,35.56017
NewWork 大泉学園,139.58577,35.75018
manabiz 三鷹台駅前,139.58986,35.6918
COTOLIBA 北砂店,139.82556,35.68245
summao ビジネスオフィス府中,139.47856,35.67339
BIZcomfort 西新井,139.79111,35.77817
i-office 吉祥寺,139.57799,35.70607
COCO-COLOR-OFFICE 国分寺,139.47993,35.69867
NewWork 中野,139.66545,35.70724
BIZcomfort 亀戸,139.82782,35.69836
勉強カフェ　両国スタジオ,139.79352,35.69543
BIZcomfort 西日暮里,139.76958,35.73444
あすなろ,139.60396,35.74173
HIBARIDO,139.53633,35.74324
BIZcomfort 門前仲町,139.80144,35.67037
いいオフィス志村坂上,139.69533,35.77536
ivyCafe NEIGHBOR&WORK 町屋,139.78055,35.74677
コワーキングスペース factoria​,139.60094,35.70462
BasisPoint 吉祥寺店,139.57922,35.70188
BIZcomfort 吉祥寺,139.58075,35.70479
エミフィス 練馬,139.65518,35.73792
NewWork 北千住,139.80156,35.74637
NewWork 調布,139.54355,35.64887
オンカフェ 自由が丘,139.66725,35.60749
BIZcomfort 南町田,139.4704,35.51003
IID 世田谷ものづくり学校,139.67979,35.64576
いいオフィス 中目黒 by ABC店舗,139.69519,35.64729
コワーキングスペース「ミタカフェ」,139.56012,35.69871
コワーキングスペース八王子8Beat,139.33701,35.65752
NewWork 下北沢,139.6682,35.65971
自習室俱楽部　町田店,139.44731,35.54438
bace Co+成増　ベースコプラス,139.63168,35.77814
TREE7 Coworking,139.68401,35.62801
自由が丘コンテンツ・ラボ　コワーキングスペース,139.66928,35.60706
NewWork 自由が丘,139.66745,35.60843
勉強カフェ　国分寺スタジオ,139.4794,35.69931
女性向け創業支援施設「パシオンＴＯＫＹＯ」,139.73174,35.58537
クリエイター専用シェアオフィス『co-lab 二子玉川』,139.62845,35.61204
BUSHITSUシモキタザワ,139.66391,35.65957
NewWork 錦糸町,139.81494,35.6942
BIZcomfort 三鷹,139.56078,35.7016
BIZcomfort 町田,139.44624,35.54827
シェアオフィス『SOHOプラザ ハニカム』国立,139.44788,35.69859
NewWork 立川,139.4106,35.69974
ソフトオフィス錦糸町,139.82123,35.69609
HYPERMIX「COFFICE 門前仲町」,139.79523,35.6735
東小金井事業創造センターKO-TO,139.52858,35.70198
クリエイター専用シェアオフィス『co-lab 墨田亀沢:re-printing』,139.80711,35.69878
いいオフィス 練馬 by Neriba,139.65497,35.73619
高円寺コワーキングスペース こけむさズ,139.64751,35.70562
立川シェアオフィス　TXT,139.41698,35.69613
コワーキングスペース八王子 419,139.3343,35.65879
SkiiMa KICHIJOJI,139.57796,35.70364
ivyCafe NEIGHBOR&WORK 府中,139.48184,35.66724
サムライズ・コワーキングベース66,139.79819,35.7401
co-ba 調布,139.54298,35.64881
BIZcomfort 中板橋,139.69537,35.75573
PO-TO（ポート）小金井,139.52858,35.70198
Bono Prince,139.79951,35.74819
勉強カフェ　吉祥寺スタジオ,139.57869,35.70263
コワーキングスペース永福,139.64529,35.67585
BIZcomfort 蒲田,139.71925,35.56202
自習室俱楽部　多摩センター店,139.42154,35.62176
NewWork 二子玉川,139.62511,35.61329
Coin Space 丸井錦糸町店,139.81371,35.695
TOKYO HÜTTE,139.81541,35.70873
コワーキングスペース「knot」,139.70532,35.6384
自習室俱楽部　蒲田店,139.71593,35.56017
WORK PLACE for Creators,139.6839,35.62914
BIZcomfort 大森山王,139.7278,35.59015
SEED PLACE 国立,139.44771,35.69713
room EXPLACE 東陽町,139.81564,35.67017
NewWork 吉祥寺,139.58179,35.70405
女性専用シェアオフィス「MANA中目黒」,139.69542,35.64754
Nishiogi Place,139.60152,35.71113
GARAGE MACHIDA,139.45564,35.55372
BONUS TRACK MEMBER'S,139.66405,35.65913
Pointline Yutenji,139.69092,35.63737
ivyCafe NEIGHBOR&WORK 大島,139.83348,35.68851
Zen集中カフェ,139.71165,35.62992
コワーキングスペース「Business Lounge 802」,139.34068,35.65786
co-coono上北沢 ワークラウンジ,139.62012,35.67376
NAGAYA 清澄白河,139.80345,35.67952
LIGHT UP LOBBY,139.4798,35.67295
ビジネスレジデンスＤＥＮ,139.67145,35.61278
BUSO AGORA,139.44681,35.54329
THE HUB SOLO 町田,139.44731,35.54438
ビジネスポート竹の塚,139.79105,35.79333
BIZcomfort 葛飾青砥,139.85446,35.74588
NAGAYA 清澄白河駅前,139.79926,35.68031
コワーキングスペース ライブラリー 中村橋,139.6377,35.73885
NewWork 都立大学,139.67592,35.61725
BIZcomfort 亀戸南,139.83435,35.69617
こだいらコワーキングスペース「すだち」,139.47945,35.72483
BIZcomfort 江戸川瑞江,139.89775,35.69398
ソフトオフィス町田,139.45067,35.53869
テーブルシェアざのば,139.54288,35.70128
イービジネスセンター,139.80074,35.74694
BIZcomfort 八王子,139.33804,35.65805
Next DESK 中野,139.66846,35.70449
コワーキングCoCoプレイス,139.42476,35.6223
KAns 東中野,139.67848,35.70767
PAX Coworking,139.6358,35.64897
THE HUB SOLO 吉祥寺,139.58203,35.70376
Modelia Colors NAKANO（モデリアカラーズ中野）,139.66589,35.71118
いいオフィス新小岩 by Ito Techno,139.85555,35.72087
THE HUB 立川,139.41187,35.69605
下高井戸コワーキングスペース　iNVENTO,139.64201,35.66642
room EXPLACE 門前仲町,139.79384,35.67353
THE HUB 東京ベイ有明ワシントン,139.79247,35.63363
the SOHO,139.77562,35.6174
ソフトオフィス北千住,139.80067,35.75187
大田ビジネスコミュニティセンター,139.71431,35.55991
HUDDLE 西葛西,139.85728,35.66579
JustCo Zone蒲田,139.71707,35.56001
JUST ANOTHER SPACE,139.70097,35.64494
みどり荘　中目黒,139.69272,35.65142
Impact HUB Tokyo,139.7079,35.63408
work.GO碑文谷,139.68497,35.6234
コワーキングスペースcovo.1 栃木,139.80394,36.42706
シェアスペース　HOTTAN,139.89218,36.56259
マチノテ,139.45476,36.33376
自習室 なんば ＜大阪・難波エリア＞,135.49706,34.66652
BIZcomfort 大阪 北堀江,135.49367,34.6738
ROUGH LABO 肥後橋,135.49486,34.68931
BIZcomfort 大阪本町-west,135.49643,34.67943
BIZcomfort 大阪 江戸堀,135.49113,34.6879
アンカレッジ,135.49725,34.6857
勉強カフェ　大阪本町,135.49712,34.68095
大阪クロススクエア,135.4948,34.68414
Cloud Box 北堀江,135.49367,34.6738
わくらく コワーキングスペース（女性専用）,135.49367,34.6738
自習室 ほんまち ＜大阪・本町エリア＞,135.49712,34.68095
シゴトバBASE 北堀江,135.49489,34.67472
HOTEL THE ROCK,135.49193,34.67934
情報発信型コワーキング「コクリワーク」,135.49641,34.67445
Crouch,135.48538,34.68262
billage OSAKA野村不動産御堂筋本町ビル,135.50012,34.68339
Ｗｏｒｋ　Ｊａｍ　本町,135.49878,34.68243
THE LINKS KITAHAMA,135.50514,34.69033
コワーキング オフィス Dash!,135.5041,34.68667
自習室天馬館 天満橋OMMビル店,135.51894,34.69038
シェアオフィスEPISODE 大阪本町,135.50214,34.68547
ホテル京阪 天満橋 コワーキングスペース,135.51733,34.68758
BIZcomfort 松屋町,135.51321,34.67618
D-SPOT-COM 長堀,135.50584,34.67637
Singularity HIVE,135.50093,34.67635
BIZcomfort 大阪日本橋,135.51158,34.66725
THE HUB 心斎橋,135.50093,34.67635
THE HUB 大阪本町,135.505,34.68246
コワーキングスペース 「ザ・インテグリティカフェ 北浜」,135.50414,34.68749
ちょうどいい。cell,135.49925,34.67718
アットビジネスセンター心斎橋駅前,135.49989,34.67566
BIZcomfort 谷町四丁目,135.5162,34.67983
OTEMAE space（オオテマエスペース）,135.51625,34.68486
YADORIGI 大阪本町オフィス,135.505,34.68293
NewWork なんば,135.49992,34.6653
HUDSON STREET 1947 by CHAOS,135.50519,34.69215
Coworking Space & Bar「HARUNOAIDA」,135.50381,34.67152
ホテル京阪淀屋橋,135.50516,34.69113
OBPアカデミア,135.53081,34.69293
おしごとカフェ 心斎橋,135.50188,34.67394
NAGAYA 大阪本町,135.50502,34.68335
katanaオフィス淀屋橋,135.49925,34.68937
シェアスペースkai 北浜,135.50883,34.69036
share YODOYABASHI,135.50041,34.69172
ZONE,135.5099,34.67495
D-SPOT-COM 大阪本町,135.50294,34.67899
コワーキングスペース『THE DECK』堺筋本町,135.50597,34.68292
MORINOMIYA RPG,135.5285,34.68044
BIZcomfort なんば御堂筋,135.4994,34.66591
ビスポークホテル心斎橋,135.50488,34.67636
コワーキングスペース「往来」,135.51596,34.67468
katanaオフィス大阪谷町,135.51762,34.68515
SkiiMa SHINSAIBASHI,135.50037,34.67524
SYNTHビジネスセンター北浜,135.5051,34.68748
Osakan Space 大阪本町,135.50121,34.68507
ものづくりコワーキングスペース「Co-Box」,135.51781,34.68792
アットビジネスセンター大阪本町,135.50504,34.68417
龍造寺 Lab.「造」,135.52045,34.67686
Shared Office LOBBY 長堀橋,135.50583,34.67564
BIZcomfort 四天王寺,135.51346,34.65751
勉強カフェ　天王寺寺田町,135.52333,34.64867
WORKING SWITCH ELK（エルク）,135.50009,34.69621
billageOSAKA朝日プラザ梅田,135.50131,34.70893
デコ茶屋　コワーキングスペース,135.50131,34.70893
アットビジネスセンターPREMIUM大阪駅前,135.49858,34.70063
勉強カフェ　大阪うめだ,135.49422,34.69869
レンタルオフィスCUBE 大阪梅田,135.49905,34.69984
Coworking&ShareOfiice ReqreeDojima（リクリー堂島）,135.49644,34.69543
自習室うめだ 大阪マルビル店,135.49693,34.69983
コワーキングスペース天満,135.51558,34.693
自習室うめだ 大阪駅前第2ビル店,135.49809,34.69874
自習室うめだ 中津駅前店,135.49843,34.71062
自習室うめだ 阪急梅田ほぼ駅前店,135.49608,34.70579
アットビジネスセンター大阪梅田,135.49503,34.69814
コモンルーム中津,135.4984,34.71102
コモンルーム梅田,135.49576,34.70737
ヨリドコワーキン,135.4868,34.70408
自習室うめだ 大阪駅前第３ビル店・ANNEX,135.49944,34.69883
自習室 みなみもりまち,135.51305,34.69708
梅田 蔦屋書店 4thラウンジ,135.50204,34.69389
SCRIBBLE OSAKA LAB（スクリブル大阪ラボ）　※通称SOL：ソル,135.5022,34.6951
NewWork 梅田,135.4982,34.70469
Biz Library,135.50307,34.69767
BIZcomfort 大阪 東梅田,135.50121,34.69991
レンタルオフィス＆コワーキングスペース「オギャーズ梅田」,135.50439,34.70265
co-ba 中之島,135.49365,34.69209
コワーキング＆フリースペース「ROUGH LABO TECH 扇町」,135.50926,34.70224
コワーキングスペース『Blue+（ブルータス）』梅田,135.49623,34.70771
コラボオフィス nx 梅田,135.49434,34.70583
SYNTH×Business-Airport 西梅田ブリーゼタワー,135.49422,34.69869
コモンズ 天六,135.51013,34.71021
KANDAI Me RISE 倶楽部 （関西大学梅田キャンパス）,135.50108,34.70654
SYNTHビジネスセンター堂島,135.49339,34.69505
コワーキングスペース『PLAY JOB』梅田,135.49905,34.69984
大阪VIPラウンジ,135.49249,34.69851
ワーキングスペースKKRホテル梅田,135.50215,34.70255
いいオフィス 梅田 by ハンドグローイング,135.50439,34.70265
Busico. 梅田オフィス,135.49905,34.69984
自習室 しんおおさか ＜新大阪・西中島南方エリア＞,135.49937,34.72649
アットビジネスセンターPREMIUM新大阪,135.49934,34.73121
シェアスペースkai 新大阪,135.49686,34.72597
アクセア 新大阪駅前店,135.49937,34.72881
いいオフィス新大阪 byそばに,135.49341,34.72511
NewWork 新大阪北口,135.49719,34.73501
新大阪シェアオフィス『HOIMI』,135.49919,34.7373
JUSO Coworking,135.48497,34.71958
新大阪コワーキングスペース CROSSING,135.49919,34.7373
VIPヴィラなんば,135.4984,34.66628
BIZcomfort なんば,135.50366,34.66217
Namba Coworking,135.50696,34.65931
WORLDDECORS OSAKA,135.50136,34.65841
Deまち,135.76866,35.02965
脳ジム,135.75784,35.00192
ServiceOffice W京都駅前,135.76009,34.98837
Impact Hub Kyoto,135.74225,35.0249
けいはんなプラザ,135.76462,34.74541
Co-working ＆ Community サキドリ,135.75784,35.07288
じもと.Lab＠KYOTO,135.77893,35.00868
MTRL KYOTO,135.76505,34.99513
ワコールスタディホール京都,135.75449,34.98393
コワーキングスペースらくさい,135.66872,34.9654
BIZcomfort 京都 四条烏丸,135.7645,35.00985
コワーキングスペースVOID!,135.77425,35.01002
Hanare IWAKURA,135.78763,35.06153
サンガスタジアム Co-WORKING ZONE,135.58322,35.01681
OFFISTERIA Hi-Fi Office,135.7545,35.00855
京都いのべーしょんオフィス,135.75891,35.00618
KAEDE GUESTHOUSE,135.76295,34.99999
京都VIPラウンジ,135.75453,34.98272
京都・西陣ワークプレイス「 385 PLACE 」,135.74892,35.03345
Garden Lab,135.76585,34.99884
SIGHTS KYOTO,135.77136,35.00145
こどもとはたらく Otonari Labo （オトナリ ラボ）,135.76515,34.9978
京都コワーキングスペースcoto(コト),135.75661,34.98834
京都リサーチパーク,135.73854,34.99498
勉強カフェ　京都同志社前ラーニングスタジオ,135.74512,35.02869
andwork 京都,135.76892,35.00718
THE HUB 四条烏丸,135.7513,35.00017
FVC Mesh KYOTO,135.75957,35.00191
コラボレmix,135.70204,34.97892
コワーキング∞ラボ「京創舎」,135.76106,35.00296
Sala Mercurio（サラ メルクリオ）,135.75752,34.97987
Collabo Earth LE9,135.76016,34.97934
長岡京コワーキングスペース,135.69112,34.9219
コワーキングスペース レジーナ,135.75661,34.98834
NewWork 京都駅前,135.75639,34.98665
SOHOオフィス京都,135.75783,35.00308
コワーキングスペース「小脇（Cowaki）」in 京都,135.75647,35.00068
Collabo Earth E9,135.76665,34.98167
oinai karasuma/おいない烏丸,135.7596,35.00554
フロンティア・ロー　京都,135.75783,35.00308
ネットカフェココネ,135.7699,35.00877
BIZcomfort 三条木屋町,135.7699,35.00902
Win Labo,135.76505,34.93354
レンタルオフィス＆コワーキングスペース「オギャーズ御池」,135.76353,35.01488
GROVING BASE 京都,135.75667,34.99942
co-ba 近江八幡 | まちや倶楽部,136.09212,35.13851
コワーキングスペース BitLab 瀬田,135.92514,34.98559
二二システムデザイン シェアオフィス 彦根,136.25256,35.27169
TORKS,135.99768,35.05027
長浜カイコー,136.26625,35.37896
コワーキングスペース「Mag House」滋賀,135.92346,34.98556
コワーキングスペース『1st.BASE』,136.24831,35.24865
ハッシュタグ大津京,135.86472,35.02972
billage OTSU,135.90125,34.97971
ROOT 滋賀,135.97147,35.05544
今＋,136.08278,35.00131
コワーキングスペース彦根クロス,136.26093,35.28882
コワーキングスペース大津,135.87126,35.00463
町家コワーキングスペース「まち家オフィス結」,135.86276,35.00646
BIZcomfort 大阪ベイタワー,135.46034,34.66988
コワーキングスペース『CLIP』,135.51584,34.63309
Collabo Earth GO TO HERO,135.52313,34.69163
Reqree Vellenord（リクリーヴェルノール）,135.56351,34.66576
コワーキングスペースLR,135.48355,34.57456
勉強カフェ　吹田江坂スタジオ,135.4985,34.7583
ホテル京阪 京橋 グランデ,135.53217,34.69717
BIZcomfort 天王寺 寺田町,135.52551,34.6478
守口市テレワークオフィス 大宮通オフィス,135.57442,34.73241
アイルビー高槻,135.61528,34.8529
THE HUB 大阪江坂,135.4966,34.76091
自習室 えさか 女性専用室,135.49774,34.75868
COTOLIBA 天美店,135.54265,34.5929
トライスペース東大阪,135.57112,34.66459
守口市テレワークオフィス 桜町オフィス,135.56541,34.73655
THE HUB 北大阪,135.49759,34.75681
コワーキングスペース プラスワン,135.49644,34.75872
コワーキングスペースSHINCRU,135.63759,34.81221
カフェチャオプレッソDue,135.51425,34.64574
レンタルワークスペース　The 電源館,135.4469,34.82345
コワーキングスペース「Co-Labo'S」,135.29539,34.41449
コワーキングスペースCOWA'S,135.62347,34.71024
自習室 えさか ＜江坂・吹田エリア＞,135.49774,34.75868
campanio,135.49551,34.75687
ヒップスタイル・クリエイティブ・フィールズ「H（エッジ）」,135.62186,34.8512
HARE Office 新大阪,135.50427,34.73354
フレッシュイン新大阪,135.50264,34.73512
JIRIN,135.82964,34.68103
JIRIN,135.82964,34.68103
co-co chi,135.79269,34.50783
生駒市テレワーク＆インキュベーションセンター「イコマド」,135.69879,34.695
シェアオフィス西友,135.91771,34.24834
オフィスキャンプ東吉野,135.97488,34.40903
Women's Future Center,135.81953,34.6782
BONCHI,135.82924,34.68172
いいオフィス 神戸 by KT-joy,135.18181,34.68045
BASE宝塚,135.34535,34.80561
スペースアルファ三宮,135.19244,34.69167
OFFICE CAMPUS,135.22612,34.88496
WAY OUT,135.19942,34.6903
コワーキングスペース「FLAP TOYOOKA」,134.82677,35.53914
Gadol Cafe&Study 三宮店,135.1965,34.69137
COWORKING HOUSE 『かんなべjelly』,134.66872,35.51169
CITY OFFICE,135.19788,34.68899
BIZcomfort 神戸元町,135.1879,34.69052
GARAGE 丹波,135.15627,35.13689
まちかど農園 POSTo work,135.34958,34.7982
明石のコワーキングスペース&シェアオフィス「AreaDrive」,134.99152,34.64738
コワーキングカフェ「+One」,135.25346,34.71333
Nilquebe（ニルキューブ）神戸,135.29167,34.72245
コワーキングオフィス「plug078」 新神戸,135.19304,34.70011
自習室 さんのみや ＜神戸・三宮エリア＞,135.19516,34.69555
センチュリオンホテルグランド神戸駅前　2Fラウンジ,135.17758,34.68068
コワーキングオフィス MAHALO,135.20036,34.68903
ON PAPER 神戸,135.19403,34.68749
喫茶部,135.33766,34.7349
勉強カフェ　西宮北口スタジオ,135.35631,34.74685
勉強カフェ　神戸三宮スタジオ,135.19632,34.6935
mocco 姫路,134.68922,34.82976
コワーキングスペース＆カフェ　ロバスト,134.69566,34.82759
にしのみやCoworking コワクラ,135.32675,34.7417
コロコ,135.19821,34.69229
カフーツ 神戸,135.17764,34.68159
コワーキングスペース・ルミエ 三宮1号店,135.19473,34.69613
姫路スタイル コワーキングスペース,134.68785,34.82201
神戸三宮のコワーキングスペース「カフェプレジドン」,135.20068,34.6977
E.R.NEXT 六甲道,135.23943,34.71727
シェアオフィス丹波,135.06128,35.14111
BIZcomfort 神戸三宮,135.18907,34.69333
コワーキング「塚口スタジオ」,135.42027,34.74566
芦屋市商工会コワーキングスペース,135.30342,34.73085
コワーキングスペースSHARES 姫路,134.69383,34.83129
SOHOプラザ コワーキングスペース 神戸,135.26831,34.68863
120 WORKPLACE 神戸,135.20039,34.69242
尼崎創業支援オフィス「ABiZ（アビーズ）」,135.41969,34.71988
BIZ SHARE 神戸,135.19438,34.68747
コワーキングスペース電博堂,134.68922,34.82976
エリンサーブ　神戸オフィス,135.18788,34.68617
コワーキングスペース・ルミエ 神戸4号店,135.17735,34.68192
エリンサーブ　加古川オフィス,134.83533,34.76743
BIZcomfort 神戸旧居留地,135.19482,34.68854
fabbit 神戸三宮,135.19644,34.69001
コワーキングスペース　ヨンバンカンニカイ,135.1461,34.65292
コワーキングスペース「DEP.」in 神戸三宮,135.19046,34.68929
ＭＧ四日市,136.62097,34.96686
MG YOKKAICHI Living,136.62178,34.96701
コワーキング・コミュニティスペースkaidan,136.51189,34.71895
SYNTHビジネスセンター近鉄四日市,136.61937,34.96805
Coworking Cafe CC(コワーキング・カフェ・シーシー),136.51173,34.72928
BizSQ41（ビズ・スクエアよっかいち）,136.62573,34.96428
AcroStudy,136.50925,34.73468
HENTONA LOUNGE,128.20074,26.73258
LOCUS TABLE LOUNGE,125.28116,24.80549
KLATCH Ishigaki,124.15736,24.34055
おきなわダイアログ,127.68188,26.21907
howlive 名護宮里店,127.97285,26.59326
howlive タイムスビル店,127.67896,26.21578
パイヌシマシェア 西表島,123.84576,24.28278
C18オフィス久茂地,127.68131,26.21834
宮古島ICT交流センター,125.27555,24.74895
ロブコンド 沖縄,127.66372,26.1898
タブポット 沖縄那覇,127.67374,26.21217
Blue Ribbon,127.68164,26.22458
アクセアカフェ那覇店,127.68011,26.21695
AGARIベース 那覇,127.67374,26.21217
シェアオフィス＆コワーキング「MUGI」,125.28703,24.80162
730 Work Life Cafe,124.15749,24.33879
howlive 宮古島店,125.28042,24.80477
howlive イオンモール沖縄ライカム店,127.79604,26.31458
GAKUARU BASE COWORKING,127.77885,26.29135
勉強カフェ　那覇ラーニングスタジオ,127.68743,26.24102
howlive 読谷村残波岬店,127.71575,26.43871
hais シェアオフィス,127.69883,26.23652
Topothesia,127.76307,26.25402
KEEP FRONT 沖縄,127.68667,26.22312
DotRoots（ドットルーツ）,127.82888,26.4183
Gwave Incubate 宜野湾,127.72796,26.2738
小林市コワーキングスペース「TENOSSE」,130.97586,31.99241
KIW MIYAZAKI -TRUNK00-,131.42915,31.91105
高千穂コワーキングスペース452 in 宮崎,131.30856,32.70968
ATOMica 宮崎,131.42279,31.91591
KIW BRUNCH02 アミュプラザみやざき,131.43149,31.91474
KIW_Workbox 山之口SA,131.16362,31.7942
co-ba 宮崎,131.42401,31.91536
勉強カフェ　アライアンス宮崎,131.43671,31.92664
コワーキングn計画,131.67076,32.58734
油津赤レンガ館コワーキングスペース,131.40303,31.58347
さくらハウス,130.55333,31.57663
Brains Studio 鹿児島,130.55724,31.58909
コワーキングスペース「Ants」,130.52161,31.52396
すこやか福祉センターHUB,129.31808,28.15218
Share Office wacca.,130.64685,31.23772
Tenon,130.54222,31.58415
ニューガイアオフィス博多店,130.41217,33.59153
学びスペース 自習室 新水前寺,130.72791,32.79411
The Company 熊本,130.70374,32.80199
熊本市男女共同参画センター「はあもにい」,130.71967,32.81937
クロッカスコワーキング熊本,130.72337,32.7793
未来会議室 下通店,130.70865,32.79983
未来づくり拠点MOG,131.07423,33.07748
びぷれすイノベーションスタジオ,130.71107,32.80334
マチノシゴトバ COTOCO215 佐賀,130.30344,33.25434
Cara 佐賀,129.97333,33.44933
Microsoft Innovation Center 佐賀,130.29613,33.2623
姫島ITアイランドセンター　コワーキングスペース,131.64514,33.72454
ユナイテッドシェア 東津留オフィス,131.62993,33.2416
Oita Co.Lab Lounge,131.60812,33.23455
azito 大分,131.60612,33.23055
ROOM ROXY,131.60428,33.23819
シェアオフィス102,131.65425,33.24654
ユナイテッドシェア 大分駅前オフィス,131.60564,33.23514
Oita Co.Lab Lounge,131.60812,33.23455
シェアオフィス江戸町,129.87547,32.74431
コワーキングスペース ツナグバサンカク 長崎,129.87679,32.75155
フリーウィルスタジオ 長崎,129.75716,33.76976
いいオフィス 壱岐 by イキテイク,129.72015,33.78143
コワーキングスペース ToStart 佐世保,129.71579,33.17892
コワーキングスペース「minato」,129.87242,32.75168
CoWork Link.ZEROICHI福岡中洲4F,130.40518,33.59414
The Company DAIMYO,130.39757,33.58846
DIAGONAL RUN FUKUOKA,130.40384,33.5919
Fukuoka Growth Next,130.39473,33.58941
コワーキングスペース秘密基地,130.88019,33.88646
ウィズスクエア福岡,130.39412,33.58641
ノマドクロス-天神,130.40027,33.59222
The Company 中洲川端,130.40515,33.59291
NewWork 博多,130.41563,33.59274
The Company 福岡PARCO店,130.3989,33.59042
アントレプラザibb Tenjin Point（天神ポイント）,130.39821,33.58697
MEKURUTO 久留米,130.50439,33.31697
ビステーション福岡天神,130.39282,33.58924
G’s BASE 福岡,130.39412,33.58641
COMPASS小倉,130.88589,33.88961
.andwork fukuoka,130.40475,33.59373
office J-plus中洲川端,130.40787,33.5937
Co-work & Share.H,130.395,33.58857
goodoffice 福岡薬院,130.40172,33.58121
勉強カフェ　博多プレース,130.42348,33.59054
天神ベース,130.40033,33.59455
BASES（ベイシズ）福岡,130.42282,33.59052
シェアオフィス『SALT』,130.27533,33.58159
OnRAMP,130.39154,33.58873
Co-working space midium,130.39638,33.58641
天神シティライブラリー,130.39766,33.5916
倹約 創業者シェアオフィス福岡,130.41556,33.59115
HOOD天神,130.40158,33.59266
The Company キャナルシティ博多前店,130.41116,33.59118
東邦オフィス福岡天神,130.39252,33.58738
オフィスシェア,130.40031,33.58083
ヨカラボ天神,130.39371,33.59037
MIND CHANGE,130.40718,33.59693
MIKAGE1881,130.87964,33.8841
TSUTAYA BOOKSTORE 福岡空港,130.44412,33.59762
コワーキングスペース Books&Lounge,130.40836,33.59589
GARAGE 天神,130.39717,33.59339
ATOMica 北九州,130.88254,33.88512
ココフィス,130.3911,33.58389
Timesky１号館,130.7661,33.86266
コダテル,132.41107,33.46353
プログレッソプリモ,132.7673,33.83532
プログレッソ松山,132.7652,33.83586
マツヤマンスペース松山,132.7628,33.83665
コワーキングスペース＆シェアオフィス「サンプラット」,134.10208,34.33729
SMART OFFICE 香川,134.04648,34.33773
co-ba 高松,134.04857,34.34206
コワーキングスペースgain-Y（ガイニー） 香川,134.05646,34.33831
エニシア高松インテリジェントパーク,134.06932,34.28827
0→1 高知 Booster,133.53149,33.55742
KOKUBAN OFFICE & CAFE,133.42758,33.54869
神山バレー・サテライトオフィス・コンプレックス,134.31097,33.96701
テレワークセンター徳島,134.51064,34.07872
Train Works Nikenya,134.54662,34.05526
JOIN083,130.92363,33.9491
コワーキングスペース「わだもり」,131.80412,34.05871
やまぐち創業応援スペース「mirai365」 in 山口,131.47778,34.17658
コワーキングスペース「カラム」,131.80777,34.05268
コワーキングスペース「N-LABO」 in 山口,131.92784,33.96405
宇部シェアオフィス「ナニココ」,131.24794,33.94445
岡山コワーキングスペースThink Camp,133.92107,34.65669
リトルプレイスきたながせ,133.88437,34.65105
CO OMOTECHO 岡山,133.92882,34.65855
アクラ堂 in 岡山,133.92679,34.66148
ハッシュタグ岡山,133.88779,34.6534
勉強カフェ　岡山スタジオ,133.91675,34.6673
岡山初コワーキングスペース『サムライスクエア』,133.92139,34.66597
クリエイティブコワーキングスペースTOGITOGI,133.87907,34.65081
コワーキングスペース Blue Planet 岡山,133.92943,34.65989
billage HIROSHIMA 合人社広島紙屋町ビル,132.4585,34.39531
ソアラビジネスポート,132.44838,34.40317
Azure Hiroshima Base,132.44626,34.39144
port.inc,132.45071,34.40029
ONOMICHI SHARE,133.20226,34.40773
アントレプラット広島,132.45779,34.39316
いいオフィス 広島,132.45798,34.38166
コワーキングスペース halappa,133.36383,34.48828
co-ba 広島,132.45973,34.395
コワーキング＆パーティスペース空庭,132.46005,34.3937
コワーキングスペース「シェイクハンズ」,132.45857,34.39406
hajimari-no-mado（はじまりのまど）,132.45587,34.39309
Cotomeya,134.22693,35.49676
SUIKO WORK CAMP,133.8468,35.44847
co-ba 隼,134.2636,35.3828
コワーキングスペース ハニカム 鳥取,134.23636,35.50321
まちwork,133.33482,35.42758
GARAGE 出雲,132.81097,35.42794
co-ba 海士,133.10912,36.09697
coworking space enn 島根,132.08395,34.89907
COWORKING HOUSE MAJAKKA,132.7592,35.36304
オトナリ,132.90018,35.29345
三日市ラボ,132.8996,35.29252
ラボこうふ,138.56348,35.6112
CROSS BE,138.56772,35.66599
シェアオフィス甲州,138.7233,35.66548
anyplace.work 富士吉田,138.79245,35.48225
文化のるつぼ へちま,138.57207,35.66164
いいオフィス 野尻湖 by LIG,138.00661,36.56724
HanaLab.UNNO,138.25415,36.4004
コワーキングスペース mottomachi,138.30728,36.65112
富士見 森のオフィス,138.20537,35.86194
長野駅前コワーキングスペース myDesk,138.19096,36.64122
CREEKS COWORKING,138.23982,36.68509
HanaLab.CAMP,138.23546,36.3898
Social coworking DEN,137.95682,35.83763
hiroen,138.48674,36.7228
ワーケーション@軽井沢,138.58675,36.35421
ビジネスポート長野,138.18971,36.64918
コワーキングカフェ「hammock」,138.31497,36.3625
安曇野コワーキングスペース,137.87952,36.30844
ふらっと木曽,137.71695,35.82489
コワーキングスペースえべや,138.33185,36.35564
HanaLab.TOKIDA,138.25861,36.39589
ワークラボ八ヶ岳,138.15149,35.99398
SWEET WORK 長野,137.97096,36.2347
コワーキングスペース『スワボ』,138.11754,36.04481
Social Hub Space Knower(s),137.96457,36.23597
コワーキングスペース iitoco 長野,138.4818,36.25516
SHINODA BASE,135.55362,34.3331
コワーキングスペース「Luida」,135.16904,34.19644
T-LABO 和歌山,135.18991,34.22978
tanabe en+（タナベエンプラス）,135.38403,33.73203
コワーキングスペース コンセント 和歌山,135.17294,34.234
BIZcomfort 名古屋名駅南,136.88957,35.16641
BIZcomfort 名古屋伏見,136.89827,35.16819
NEXTBASE,136.90935,35.1395
minna no kaisha 名古屋,136.90643,35.15792
ビジネスリンクスナゴヤ,136.91208,35.16245
sharebase,136.8924,35.16874
カラーブロック オフィス&カフェ,136.89746,35.17453
Startup Garage,137.41069,34.72215
コワーキングスペースURB 名古屋,136.88608,35.16665
D-START 名古屋 丸の内,136.90565,35.17507
BAUM HAUS WORK名古屋栄,136.90665,35.16559
KOMA-OFFICE 一宮,136.80817,35.28608
Bizsalonコワーキングスペース,136.88249,35.17078
ベースキャンプ名古屋,136.88728,35.17296
安城市観光案内所＆コワーキングスペース『キーポート』,137.08699,34.95967
WORK LOUNGE YAGOTO,136.96977,35.13403
タスクール,136.93549,35.15878
コミュニティアジト 愛知,136.7988,35.30217
SHARE WORK LOUNGE 稲沢,136.82185,35.25862
コワーキングスペース『トライアルビレッジ』,137.38484,34.76434
栄MO倶楽部,136.91016,35.16626
名古屋栄コワーキングスペース『レガーレカフェ栄』,136.90605,35.16752
コワーキングスペース「DZshare Smart Think」,136.92599,35.28886
THE OFFICE 名古屋丸の内,136.89757,35.17356
名駅のコワーキングスペース「プロコワ」,136.88934,35.17152
ジユウノハコ,136.87944,35.16524
マフィス名古屋グローバルゲート,136.88255,35.16172
コワーキングスペース「トライアルビレッジ」,137.38484,34.76434
THE CRIE HIGASHIYAMA コワーキングスペース,136.97372,35.15624
名古屋VIPラウンジ,136.88048,35.16877
Multiple Share180°金山東,136.91132,35.14554
Room8,136.95723,35.23098
NAYUTA BLD,136.90565,35.17507
BIZcomfort 名古屋 名駅南,136.88957,35.16641
DIVISION,136.90642,35.18143
ビズ・スクエアなごや,136.89514,35.17438
THE HUB 名古屋丸の内,136.89757,35.17356
TRANSIT STUDIO,136.90019,35.17079
勉強カフェ　名古屋グローバルゲートスタジオ,136.88255,35.16172
Tanojob BASE,136.75569,35.41146
co-ba 飛騨高山,137.25764,36.14408
コワーキングスペース『Books』,137.12479,35.3312
コワーキングスペースカフェ「ジョアン」,136.7594,35.43953
＆OFFICE 岐阜,136.75986,35.41705
コワーキングスペース『co・yane』,137.01819,35.4429
SORASIA,136.75548,35.41192
古民家コワーキングカフェ「そばのカフェ おくど」,136.98253,35.5593
コワーキングスペース「Co-Labo多治見」,137.12819,35.32833
BIZcomfort 静岡,138.38672,34.97493
BIZcomfort 浜松,137.72923,34.70844
ライフタイム,138.3855,34.97187
Antiquedoor,138.87086,35.11701
COTERRACE七間町,138.38058,34.97359
SHIZUOKA SHARE OFFICE（静岡シェアオフィス）,138.38939,34.97355
naedoco atami collaboration workplace,139.07404,35.09628
シェアオフィス『Dexi』,137.74908,34.74921
MARUICHI BLDG.1962,138.68861,35.16181
コワーキングスペース kakegawa,138.0159,34.77269
コワーキングスペースミラクル,138.17442,34.8326
WORX富士,138.687,35.15253
コワーキングスペース「Ａｎｙ」静岡,137.73112,34.70379
三島クロケット,138.91449,35.12
ERRATIC WAREHOUSE,138.1747,34.83184
Homebase YAIZU,138.32025,34.87003
Business Community LINK,138.38684,34.97295
WORX浜松,137.65459,34.75666
きら星BASE,138.81464,36.93412
コワーキング・ラボ こくじょう,139.04776,37.92192
Sea Point NIIGATA,139.00969,37.91347
シェアベース新潟,139.04138,37.91861
エンジョイライフクラブ　コワーキングスペース,139.03458,37.88744
Hub Station KENTO 新潟,139.06184,37.91019
燕三条トライク,138.96059,37.62885
三条ものづくり学校,138.9487,37.61934
コワーキングスペース Code for 長岡,138.88493,37.47333
金沢Rise,136.6515,36.58039
シェアオフィス「CLUB COM」金沢,136.60509,36.56284
コワーキング「シナジースペース」,136.65686,36.55411
北陸ガールズスクエア（女性限定）,136.6398,36.57236
御祓川大学メインキャンパス「banco」,136.96472,37.04576
コワーキングスペース『LIPCON WORK×金沢時間』,136.65089,36.5781
ライフガーデン,136.60352,36.55914
マチノス 富山,137.21642,36.68932
TRIO 滑川コワーキングスペース,137.3419,36.77039
ELABO LITA OYABE,136.87717,36.66137
コワーキング・カプセル,137.24561,36.69649
COMSYOKU 富山,136.97598,36.68536
勉強カフェ　高岡,137.01559,36.74206
コワーキングスペース「machi-co」,137.40005,36.81819
南砺市クリエイタープラザ 桜クリエ,136.87207,36.50025
コワーキングスペース「CRAFT BRIDGE」福井,136.21399,36.0631
福井県産業情報センター,136.2701,36.1091
福井駅前会議室&コワーキング　Lo･CoCo,136.22432,36.06197
コワーキングスペースsankaku 福井,136.22112,36.06115
コワーキングスペース盛岡,141.14311,39.70076
co-ba 花巻,141.1125,39.3905
co-ba 釜石,141.89861,39.25666
盛岡産業支援センター,141.14088,39.70269
コワーキングスペースOLUCK,141.14172,39.70198
TAGE communiy,140.87207,38.26202
キタロクビル シェアオフィス,140.88068,38.27682
女川フューチャーセンターCamass,141.43463,38.44865
コワーキングスペースＳyu,140.62225,38.00284
勉強カフェ　仙台一番町スタジオ,140.87177,38.25919
BIZcomfort仙台クリスロード,140.87701,38.26095
IRORI 石巻,141.30963,38.43167
ファイブブリッジ 仙台,140.87592,38.25469
SEED21 仙台,140.86995,38.27062
INTILAQ東北イノベーションセンター,140.92238,38.25509
NewWork 仙台,140.88045,38.26532
CROSSCOOP仙台,140.87656,38.2562
スタジオ０８０,140.92773,38.26911
TRUNK Creative Office Sharing,140.92239,38.25636
おおさきコワーキングスペースalata,140.95761,38.57566
Coworking!@Ishinomaki,141.30354,38.43409
コワーキングスペース BIオフィス 仙台,140.88536,38.26138
塩竃コワーキングスタイルカフェ Islands court,141.01952,38.31688
ソシラボ,140.87502,38.25871
コワーキングスペース「ノラヤ」,140.86537,38.27359
co-ba 気仙沼,141.57257,38.90586
BIZcomfort 仙台一番町,140.87138,38.26422
コワーキングスペース＆シェアオフィス cocolin,140.88181,38.25129
コワーキングスペースなれあい,140.36305,38.23802
みどりまち文庫,139.832,38.72678
coworking space too 山形,140.34006,38.25308
酒田市産業振興まちづくりセンター サンロク,139.836,38.91574
コワーキングスペース「スタジオ八百萬」,140.09981,37.92014
シェアードオフィス「cozy」,140.47888,39.46618
COWORKING SPACE SYNERGY,140.11751,39.71152
チャレンジオフィスあきた,140.12447,39.71645
秋田駅前シェアオフィス「mag」,140.1226,39.71657
コワーキングスペース seven C’s,140.74049,40.82599
HLS弘前,140.47575,40.59781
Gravity CO-WORK 青森,140.73531,40.82588
wandoあおもり,140.73618,40.82879
三沢シェアオフィスBlue,141.35995,40.67863
ワークスペースSHIFT 青森,140.47337,40.60512
福島コトひらく,140.39792,37.40403
TATAKIAGE BASE 福島,140.89406,37.05698
co-ba 郡山,140.36403,37.40276
ココカラ 福島,139.92747,37.49619
コワーキングスペースコオリヤマ,140.38483,37.39771
ファブ施設 ATOM BIT,140.89708,37.05675
コワーキングスペース「小高ワーカーズベース」,140.99126,37.56313
office FUKUSHIMA,140.46022,37.75486
エレオ（EXCE-RENTAL OFFICE）,141.34264,43.05618
コワーキングスペースCOMECOME　大通り店,141.35179,43.05861
コワーキングスペースCOMECOME　新さっぽろ店,141.47249,43.03854
billage SAPPORO ばらと北一条ビル,141.35228,43.06301
BIZcomfort札幌,141.34979,43.07286
Sapporo Women's Co-working Space LILACOWA,141.35028,43.07088
コワーキングスペースあさひかわ37,142.35965,43.76798
JOBUIE,141.35899,43.05929
札幌コワーキングカフェSaloon,141.3587,43.06048
THE STAY SAPPORO,141.34473,43.05336
AD.connect プラス,141.34906,43.06923
札幌のコワーキングスペース「カンテ」,141.35168,43.06384
プライベート コワーキング&シェアオフィス「くしろフィス」,144.38455,42.98798
さっぽろ大通コワーキングスペース　ドリノキ,141.35165,43.05888
シアテル札幌,141.35092,43.05558
オホーツクコワーキングスペースTAYUMANU,143.8945,43.80454
KITAMI BASE,143.8938,43.80489
中島れんばいふれあいセンター,140.74266,41.78209
SHARE TOWORK,141.35728,43.0646
NewWork 札幌,141.35049,43.06368
Biz space KASI-MASU 札幌,141.34192,43.05913
HATOBA Nishikimachi（コワーキング）,144.3833,42.98401